{
  "project_info": {
    "project_number": "28487910586",
    "project_id": "safefuelapp1",
    "storage_bucket": "safefuelapp1.firebasestorage.app"
  },
  "client": [
    {
      "client_info": {
        "mobilesdk_app_id": "1:28487910586:android:76d44654522fec3ce22e83",
        "android_client_info": {
          "package_name": "com.safefuelapp1"
        }
      },
      "oauth_client": [
        {
          "client_id": "28487910586-it3ff68d91ugq7k2hr36c14n9n01ojbj.apps.googleusercontent.com",
          "client_type": 1,
          "android_info": {
            "package_name": "com.safefuelapp1",
            "certificate_hash": "5e8f16062ea3cd2c4a0d547876baa6f38cabf625"
          }
        },
        {
          "client_id": "28487910586-sa8bbiui24u0uq2edunodbavu47irm3f.apps.googleusercontent.com",
          "client_type": 1,
          "android_info": {
            "package_name": "com.safefuelapp1",
            "certificate_hash": "25c9fec78aa256aa7f9dc86c95f3ac1182c74c5f"
          }
        },
        {
          "client_id": "28487910586-3mpfpic7trr2ei2l1a8pen4lto8du2gb.apps.googleusercontent.com",
          "client_type": 3
        }
      ],
      "api_key": [
        {
          "current_key": "AIzaSyAzE62yAR3rchivqs4Ivdv8fnMlAPf6BEg"
        }
      ],
      "services": {
        "appinvite_service": {
          "other_platform_oauth_client": [
            {
              "client_id": "28487910586-3mpfpic7trr2ei2l1a8pen4lto8du2gb.apps.googleusercontent.com",
              "client_type": 3
            }
          ]
        }
      }
    }
  ],
  "configuration_version": "1"
}